Fullname,Firstname,Surname,DriverTag,DateOfBirth,Nationality,DriverURL,DriverID,,,,,
Carlo Abate,Carlo,Abate,CAR,,Italy,,1,1962–1963,,,,
George Abecassis,George,Abecassis,GEO,,United Kingdom,,2,1951–1952,,,,
Kenny Acheson,Kenny,Acheson,KEN,,United Kingdom,,3,1983,1985,,,
Andrea de Adamich,Andrea,de Adamich,AND,,Italy,,4,1968, 1970–1973,,,
Philippe Adams,Philippe,Adams,PHI,,Belgium,,5,1994,,,,
Walt Ader,Walt,Ader,WAL,,United States,,6,1950,,,,
Kurt Adolff,Kurt,Adolff,KUR,,West Germany,,7,1953,,,,
Fred Agabashian,Fred,Agabashian,FRE,,United States,,8,1950–1957,,,,
Kurt Ahrens Jr,Kurt,Ahrens Jr,KUR,,West Germany,,9,1966–1969,,,,
Jack Aitken,Jack,Aitken,JAC,,United Kingdom,,10,2020,,,,
Christijan Albers,Christijan,Albers,CHR,,Netherlands,,11,2005–2007,,,,
Alexander Albon,Alexander,Albon,ALE,,Thailand,,12,2019–2020,2022,,,
Michele Alboreto,Michele,Alboreto,MIC,,Italy,,13,1981–1994,,,,
Jean Alesi,Jean,Alesi,JEA,,France,,14,1989–2001,,,,
Jaime Alguersuari,Jaime,Alguersuari,JAI,,Spain,,15,2009–2011,,,,
Philippe Alliot,Philippe,Alliot,PHI,,France,,16,1984–1990, 1993–1994,,,
Cliff Allison,Cliff,Allison,CLI,,United Kingdom,,17,1958–1961,,,,
Fernando Alonso,Fernando,Alonso,FER,,Spain,,18,2001, 2003–2018, 2021–2022,,
Giovanna Amati,Giovanna,Amati,GIO,,Italy,,19,1992,,,,
George Amick,George,Amick,GEO,,United States,,20,1958,,,,
Red Amick,Red,Amick,RED,,United States,,21,1959–1960,,,,
Chris Amon,Chris,Amon,CHR,,New Zealand,,22,1963–1976,,,,
Bob Anderson,Bob,Anderson,BOB,,United Kingdom,,23,1963–1967,,,,
Conny Andersson,Conny,Andersson,CON,,Sweden,,24,1976–1977,,,,
Emil Andres,Emil,Andres,EMI,,United States,,25,1950,,,,
Mario Andretti,Mario,Andretti,MAR,,United States,,26,1968–1972, 1974–1982,,,
Michael Andretti,Michael,Andretti,MIC,,United States,,27,1993,,,,
Keith Andrews,Keith,Andrews,KEI,,United States,,28,1955–1956,,,,
Elio de Angelis,Elio,de Angelis,ELI,,Italy,,29,1979–1986,,,,
Marco Apicella,Marco,Apicella,MAR,,Italy,,30,1993,,,,
Mário de Araújo Cabral,Mário,de Araújo Cabral,MÁR,,Portugal,,31,1959–1960, 1963–1964,,,
Frank Armi,Frank,Armi,FRA,,United States,,32,1954,,,,
Chuck Arnold,Chuck,Arnold,CHU,,United States,,33,1959,,,,
René Arnoux,René,Arnoux,REN,,France,,34,1978–1989,,,,
Peter Arundell,Peter,Arundell,PET,,United Kingdom,,35,1963–1964,1966,,,
Alberto Ascari,Alberto,Ascari,ALB,,Italy,,36,1950–1955,,,,
Peter Ashdown,Peter,Ashdown,PET,,United Kingdom,,37,1959,,,,
Ian Ashley,Ian,Ashley,IAN,,United Kingdom,,38,1974–1977,,,,
Gerry Ashmore,Gerry,Ashmore,GER,,United Kingdom,,39,1961–1962,,,,
Bill Aston,Bill,Aston,BIL,,United Kingdom,,40,1952,,,,
Richard Attwood,Richard,Attwood,RIC,,United Kingdom,,41,1964–1965, 1967–1969,,,
Manny Ayulo,Manny,Ayulo,MAN,,United States,,42,1951–1954,,,,
Luca Badoer,Luca,Badoer,LUC,,Italy,,43,1993, 1995–1996,1999,2009,
Giancarlo Baghetti,Giancarlo,Baghetti,GIA,,Italy,,44,1961–1967,,,,
Julian Bailey,Julian,Bailey,JUL,,United Kingdom,,45,1988,1991,,,
Mauro Baldi,Mauro,Baldi,MAU,,Italy,,46,1982–1985,,,,
Bobby Ball,Bobby,Ball,BOB,,United States,,47,1951–1952,,,,
Marcel Balsa,Marcel,Balsa,MAR,,France,,48,1952,,,,
Lorenzo Bandini,Lorenzo,Bandini,LOR,,Italy,,49,1961–1967,,,,
Henry Banks,Henry,Banks,HEN,,United States,,50,1950–1952,,,,
Fabrizio Barbazza,Fabrizio,Barbazza,FAB,,Italy,,51,1991,1993,,,
John Barber,John,Barber,JOH,,United Kingdom,,52,1953,,,,
Skip Barber,Skip,Barber,SKI,,United States,,53,1971–1972,,,,
Paolo Barilla,Paolo,Barilla,PAO,,Italy,,54,1989–1990,,,,
Rubens Barrichello,Rubens,Barrichello,RUB,,Brazil,,55,1993–2011,,,,
Michael Bartels,Michael,Bartels,MIC,,Germany,,56,1991,,,,
Edgar Barth,Edgar,Barth,EDG,,"East Germany, West Germany[f]",,57,1953, 1957–1958,1960,1961,1964
Giorgio Bassi,Giorgio,Bassi,GIO,,Italy,,58,1965,,,,
Erwin Bauer,Erwin,Bauer,ERW,,West Germany,,59,1953,,,,
Zsolt Baumgartner,Zsolt,Baumgartner,ZSO,,Hungary,,60,2003–2004,,,,
Élie Bayol,Élie,Bayol,ÉLI,,France,,61,1952–1956,,,,
Don Beauman,Don,Beauman,DON,,United Kingdom,,62,1954,,,,
Karl-Günther Bechem,Karl-Günther,Bechem,KAR,,West Germany,,63,1952–1953,,,,
Jean Behra,Jean,Behra,JEA,,France,,64,1952–1959,,,,
Derek Bell,Derek,Bell,DER,,United Kingdom,,65,1968–1972,1974,,,
Stefan Bellof,Stefan,Bellof,STE,,West Germany,,66,1984–1985,,,,
Paul Belmondo,Paul,Belmondo,PAU,,France,,67,1992,1994,,,
Tom Belsø,Tom,Belsø,TOM,,Denmark,,68,1973–1974,,,,
Jean-Pierre Beltoise,Jean-Pierre,Beltoise,JEA,,France,,69,1967–1974,,,,
Olivier Beretta,Olivier,Beretta,OLI,,Monaco,,70,1994,,,,
Allen Berg,Allen,Berg,ALL,,Canada,,71,1986,,,,
Georges Berger,Georges,Berger,GEO,,Belgium,,72,1953–1954,,,,
Gerhard Berger,Gerhard,Berger,GER,,Austria,,73,1984–1997,,,,
Éric Bernard,Éric,Bernard,ÉRI,,France,,74,1989–1991,1994,,,
Enrique Bernoldi,Enrique,Bernoldi,ENR,,Brazil,,75,2001–2002,,,,
Enrico Bertaggia,Enrico,Bertaggia,ENR,,Italy,,76,1989,,,,
Tony Bettenhausen,Tony,Bettenhausen,TON,,United States,,77,1950–1960,,,,
Mike Beuttler,Mike,Beuttler,MIK,,United Kingdom,,78,1971–1973,,,,
Birabongse Bhanudej,Birabongse,Bhanudej,BIR,,Thailand,,79,1950–1954,,,,
Jules Bianchi,Jules,Bianchi,JUL,,France,,80,2013–2014,,,,
Lucien Bianchi,Lucien,Bianchi,LUC,,Belgium,,81,1959–1963,1965,1968,,
Gino Bianco,Gino,Bianco,GIN,,Brazil,,82,1952,,,,
Hans Binder,Hans,Binder,HAN,,Austria,,83,1976–1978,,,,
Clemente Biondetti,Clemente,Biondetti,CLE,,Italy,,84,1950,,,,
Pablo Birger,Pablo,Birger,PAB,,Argentina,,85,1953,1955,,,
Art Bisch,Art,Bisch,ART,,United States,,86,1958,,,,
Harry Blanchard,Harry,Blanchard,HAR,,United States,,87,1959,,,,
Michael Bleekemolen,Michael,Bleekemolen,MIC,,Netherlands,,88,1977–1978,,,,
Alex Blignaut,Alex,Blignaut,ALE,,South Africa,,89,1965,,,,
Trevor Blokdyk,Trevor,Blokdyk,TRE,,South Africa,,90,1963,1965,,,
Mark Blundell,Mark,Blundell,MAR,,United Kingdom,,91,1991, 1993–1995,,,
Raul Boesel,Raul,Boesel,RAU,,Brazil,,92,1982–1983,,,,
Menato Boffa,Menato,Boffa,MEN,,Italy,,93,1961,,,,
Bob Bondurant,Bob,Bondurant,BOB,,United States,,94,1965–1966,,,,
Felice Bonetto,Felice,Bonetto,FEL,,Italy,,95,1950–1953,,,,
Jo Bonnier,Jo,Bonnier,JO,,Sweden,,96,1956–1971,,,,
Roberto Bonomi,Roberto,Bonomi,ROB,,Argentina,,97,1960,,,,
Juan Manuel Bordeu,Juan,Manuel Bordeu,JUA,,Argentina,,98,1961,,,,
Slim Borgudd,Slim,Borgudd,SLI,,Sweden,,99,1981–1982,,,,
Luki Botha,Luki,Botha,LUK,,South Africa,,100,1967,,,,
Valtteri Bottas,Valtteri,Bottas,VAL,,Finland,,101,2013–2022,,,,
Jean-Christophe Boullion,Jean-Christophe,Boullion,JEA,,France,,102,1995,,,,
Sébastien Bourdais,Sébastien,Bourdais,SÉB,,France,,103,2008–2009,,,,
Thierry Boutsen,Thierry,Boutsen,THI,,Belgium,,104,1983–1993,,,,
Johnny Boyd,Johnny,Boyd,JOH,,United States,,105,1955–1960,,,,
David Brabham,David,Brabham,DAV,,Australia,,106,1990,1994,,,
Gary Brabham,Gary,Brabham,GAR,,Australia,,107,1990,,,,
Jack Brabham,Jack,Brabham,JAC,,Australia,,108,1955–1970,,,,
Bill Brack,Bill,Brack,BIL,,Canada,,109,1968–1969,1972,,,
Ernesto Brambilla,Ernesto,Brambilla,ERN,,Italy,,110,1963,1969,,,
Vittorio Brambilla,Vittorio,Brambilla,VIT,,Italy,,111,1974–1980,,,,
Toni Branca,Toni,Branca,TON,,Switzerland,,112,1950–1951,,,,
Gianfranco Brancatelli,Gianfranco,Brancatelli,GIA,,Italy,,113,1979,,,,
Eric Brandon,Eric,Brandon,ERI,,United Kingdom,,114,1952,1954,,,
Don Branson,Don,Branson,DON,,United States,,115,1959–1960,,,,
Tom Bridger,Tom,Bridger,TOM,,United Kingdom,,116,1958,,,,
Tony Brise,Tony,Brise,TON,,United Kingdom,,117,1975,,,,
Chris Bristow,Chris,Bristow,CHR,,United Kingdom,,118,1959–1960,,,,
Peter Broeker,Peter,Broeker,PET,,Canada,,119,1963,,,,
Tony Brooks,Tony,Brooks,TON,,United Kingdom,,120,1956–1961,,,,
Alan Brown,Alan,Brown,ALA,,United Kingdom,,121,1952–1954,,,,
Walt Brown,Walt,Brown,WAL,,United States,,122,1950–1951,,,,
Warwick Brown,Warwick,Brown,WAR,,Australia,,123,1976,,,,
Adolf Brudes,Adolf,Brudes,ADO,,West Germany,,124,1952,,,,
Martin Brundle,Martin,Brundle,MAR,,United Kingdom,,125,1984–1989, 1991–1996,,,
Gianmaria Bruni,Gianmaria,Bruni,GIA,,Italy,,126,2004,,,,
Jimmy Bryan,Jimmy,Bryan,JIM,,United States,,127,1952–1960,,,,
Clemar Bucci,Clemar,Bucci,CLE,,Argentina,,128,1954–1955,,,,
Ronnie Bucknum,Ronnie,Bucknum,RON,,United States,,129,1964–1966,,,,
Ivor Bueb,Ivor,Bueb,IVO,,United Kingdom,,130,1957–1959,,,,
Sébastien Buemi,Sébastien,Buemi,SÉB,,Switzerland,,131,2009–2011,,,,
Luiz Bueno,Luiz,Bueno,LUI,,Brazil,,132,1973,,,,
Ian Burgess,Ian,Burgess,IAN,,United Kingdom,,133,1958–1963,,,,
Luciano Burti,Luciano,Burti,LUC,,Brazil,,134,2000–2001,,,,
Roberto Bussinello,Roberto,Bussinello,ROB,,Italy,,135,1961,1965,,,
Jenson Button,Jenson,Button,JEN,,United Kingdom,,136,2000–2017,,,,
Tommy Byrne,Tommy,Byrne,TOM,,Ireland,,137,1982,,,,
Giulio Cabianca,Giulio,Cabianca,GIU,,Italy,,138,1958–1960,,,,
Phil Cade,Phil,Cade,PHI,,United States,,139,1959,,,,
Alex Caffi,Alex,Caffi,ALE,,Italy,,140,1986–1991,,,,
John Campbell-Jones,John,Campbell-Jones,JOH,,United Kingdom,,141,1962–1963,,,,
Adrián Campos,Adrián,Campos,ADR,,Spain,,142,1987–1988,,,,
John Cannon,John,Cannon,JOH,,Canada,,143,1971,,,,
Eitel Cantoni,Eitel,Cantoni,EIT,,Uruguay,,144,1952,,,,
Bill Cantrell,Bill,Cantrell,BIL,,United States,,145,1950,,,,
Ivan Capelli,Ivan,Capelli,IVA,,Italy,,146,1985–1993,,,,
Piero Carini,Piero,Carini,PIE,,Italy,,147,1952–1953,,,,
Duane Carter,Duane,Carter,DUA,,United States,,148,1950–1955, 1959–1960,,,
Eugenio Castellotti,Eugenio,Castellotti,EUG,,Italy,,149,1955–1957,,,,
Johnny Cecotto,Johnny,Cecotto,JOH,,Venezuela,,150,1983–1984,,,,
Andrea de Cesaris,Andrea,de Cesaris,AND,,Italy,,151,1980–1994,,,,
François Cevert,François,Cevert,FRA,,France,,152,1970–1973,,,,
Eugène Chaboud,Eugène,Chaboud,EUG,,France,,153,1950–1951,,,,
Jay Chamberlain,Jay,Chamberlain,JAY,,United States,,154,1962,,,,
Karun Chandhok,Karun,Chandhok,KAR,,India,,155,2010–2011,,,,
Alain de Changy,Alain,de Changy,ALA,,Belgium,,156,1959,,,,
Colin Chapman,Colin,Chapman,COL,,United Kingdom,,157,1956,,,,
Dave Charlton,Dave,Charlton,DAV,,South Africa,,158,1965, 1967–1968, 1970–1975,,
Pedro Chaves,Pedro,Chaves,PED,,Portugal,,159,1991,,,,
Bill Cheesbourg,Bill,Cheesbourg,BIL,,United States,,160,1957–1959,,,,
Eddie Cheever,Eddie,Cheever,EDD,,United States,,161,1978, 1980–1989,,,
Andrea Chiesa,Andrea,Chiesa,AND,,Switzerland,,162,1992,,,,
Max Chilton,Max,Chilton,MAX,,United Kingdom,,163,2013–2014,,,,
Ettore Chimeri,Ettore,Chimeri,ETT,,Venezuela,,164,1960,,,,
Louis Chiron,Louis,Chiron,LOU,,Monaco,,165,1950–1951,1953, 1955–1956,1958,
Joie Chitwood,Joie,Chitwood,JOI,,United States,,166,1950,,,,
Bob Christie,Bob,Christie,BOB,,United States,,167,1956–1960,,,,
Johnny Claes,Johnny,Claes,JOH,,Belgium,,168,1950–1953,1955,,,
David Clapham,David,Clapham,DAV,,South Africa,,169,1965,,,,
Jim Clark,Jim,Clark,JIM,,United Kingdom,,170,1960–1968,,,,
Kevin Cogan,Kevin,Cogan,KEV,,United States,,171,1980–1981,,,,
Peter Collins,Peter,Collins,PET,,United Kingdom,,172,1952–1958,,,,
Bernard Collomb,Bernard,Collomb,BER,,France,,173,1961–1964,,,,
Alberto Colombo,Alberto,Colombo,ALB,,Italy,,174,1978,,,,
Érik Comas,Érik,Comas,ÉRI,,France,,175,1991–1994,,,,
Franco Comotti,Franco,Comotti,FRA,,Italy,,176,1950,1952,,,
George Connor,George,Connor,GEO,,United States,,177,1950–1952,,,,
George Constantine,George,Constantine,GEO,,United States,,178,1959,,,,
John Cordts,John,Cordts,JOH,,Canada,,179,1969,,,,
David Coulthard,David,Coulthard,DAV,,United Kingdom,,180,1994–2008,,,,
Piers Courage,Piers,Courage,PIE,,United Kingdom,,181,1967–1970,,,,
Chris Craft,Chris,Craft,CHR,,United Kingdom,,182,1971,,,,
Jim Crawford,Jim,Crawford,JIM,,United Kingdom,,183,1975,,,,
Ray Crawford,Ray,Crawford,RAY,,United States,,184,1955–1956,1959,,,
Alberto Crespo,Alberto,Crespo,ALB,,Argentina,,185,1952,,,,
Antonio Creus,Antonio,Creus,ANT,,Spain,,186,1960,,,,
Larry Crockett,Larry,Crockett,LAR,,United States,,187,1954,,,,
Tony Crook,Tony,Crook,TON,,United Kingdom,,188,1952–1953,,,,
Art Cross,Art,Cross,ART,,United States,,189,1952–1955,,,,
Geoffrey Crossley,Geoffrey,Crossley,GEO,,United Kingdom,,190,1950,,,,
Jérôme d'Ambrosio,Jérôme,d'Ambrosio,JÉR,,Belgium,,191,2011–2012,,,,
Chuck Daigh,Chuck,Daigh,CHU,,United States,,192,1960,,,,
Yannick Dalmas,Yannick,Dalmas,YAN,,France,,193,1987–1990,1994,,,
Derek Daly,Derek,Daly,DER,,Ireland,,194,1978–1982,,,,
Christian Danner,Christian,Danner,CHR,,West Germany,,195,1985–1987,1989,,,
Jorge Daponte,Jorge,Daponte,JOR,,Argentina,,196,1954,,,,
Anthony Davidson,Anthony,Davidson,ANT,,United Kingdom,,197,2002,2005, 2007–2008,,
Jimmy Davies,Jimmy,Davies,JIM,,United States,,198,1950–1951, 1953–1955,,,
Colin Davis,Colin,Davis,COL,,United Kingdom,,199,1959,,,,
Jimmy Daywalt,Jimmy,Daywalt,JIM,,United States,,200,1953–1957,1959,,,
Jean-Denis Délétraz,Jean-Denis,Délétraz,JEA,,Switzerland,,201,1994–1995,,,,
Patrick Depailler,Patrick,Depailler,PAT,,France,,202,1972, 1974–1980,,,
Pedro Diniz,Pedro,Diniz,PED,,Brazil,,203,1995–2000,,,,
Duke Dinsmore,Duke,Dinsmore,DUK,,United States,,204,1950–1951,1953,1956,,
Frank Dochnal,Frank,Dochnal,FRA,,United States,,205,1963,,,,
José Dolhem,José,Dolhem,JOS,,France,,206,1974,,,,
Martin Donnelly,Martin,Donnelly,MAR,,United Kingdom,,207,1989–1990,,,,
Mark Donohue,Mark,Donohue,MAR,,United States,,208,1971, 1974–1975,,,
Robert Doornbos,Robert,Doornbos,ROB,,"Monaco
Netherlands",,209,2005–2006,,,,
Ken Downing,Ken,Downing,KEN,,United Kingdom,,210,1952,,,,
Bob Drake,Bob,Drake,BOB,,United States,,211,1960,,,,
Paddy Driver,Paddy,Driver,PAD,,South Africa,,212,1963,1974,,,
Piero Drogo,Piero,Drogo,PIE,,Italy,,213,1960,,,,
Bernard de Dryver,Bernard,de Dryver,BER,,Belgium,,214,1977–1978,,,,
Johnny Dumfries,Johnny,Dumfries,JOH,,United Kingdom,,215,1986,,,,
Geoff Duke,Geoff,Duke,GEO,,United Kingdom,,216,1961,,,,
Len Duncan,Len,Duncan,LEN,,United States,,217,1954,,,,
Piero Dusio,Piero,Dusio,PIE,,Italy,,218,1952,,,,
George Eaton,George,Eaton,GEO,,Canada,,219,1969–1971,,,,
Bernie Ecclestone,Bernie,Ecclestone,BER,,United Kingdom,,220,1958,,,,
Don Edmunds,Don,Edmunds,DON,,United States,,221,1957,,,,
Guy Edwards,Guy,Edwards,GUY,,United Kingdom,,222,1974, 1976–1977,,,
Vic Elford,Vic,Elford,VIC,,United Kingdom,,223,1968–1969,1971,,,
Ed Elisian,Ed,Elisian,ED,,United States,,224,1954–1958,,,,
Paul Emery,Paul,Emery,PAU,,United Kingdom,,225,1956,1958,,,
Tomáš Enge,Tomáš,Enge,TOM,,Czech Republic,,226,2001,,,,
Paul England,Paul,England,PAU,,Australia,,227,1957,,,,
Marcus Ericsson,Marcus,Ericsson,MAR,,Sweden,,228,2014–2018,,,,
Harald Ertl,Harald,Ertl,HAR,,Austria,,229,1975–1978,1980,,,
Nasif Estéfano,Nasif,Estéfano,NAS,,Argentina,,230,1960,1962,,,
Philippe Étancelin,Philippe,Étancelin,PHI,,France,,231,1950–1952,,,,
Bob Evans,Bob,Evans,BOB,,United Kingdom,,232,1975–1976,,,,
Corrado Fabi,Corrado,Fabi,COR,,Italy,,233,1983–1984,,,,
Teo Fabi,Teo,Fabi,TEO,,Italy,,234,1982, 1984–1987,,,
Pascal Fabre,Pascal,Fabre,PAS,,France,,235,1987,,,,
Carlo Facetti,Carlo,Facetti,CAR,,Italy,,236,1974,,,,
Luigi Fagioli,Luigi,Fagioli,LUI,,Italy,,237,1950–1951,,,,
Jack Fairman,Jack,Fairman,JAC,,United Kingdom,,238,1953, 1955–1961,,,
Juan Manuel Fangio,Juan,Manuel Fangio,JUA,,Argentina,,239,1950–1951, 1953–1958,,,
Nino Farina,Nino,Farina,NIN,,Italy,,240,1950–1955,,,,
Walt Faulkner,Walt,Faulkner,WAL,,United States,,241,1950–1951, 1953–1955,,,
William Ferguson,William,Ferguson,WIL,,South Africa,,242,1972,,,,
Maria Teresa de Filippis,Maria,Teresa de Filippis,MAR,,Italy,,243,1958–1959,,,,
Ralph Firman,Ralph,Firman,RAL,,Ireland,,244,2003,,,,
Ludwig Fischer,Ludwig,Fischer,LUD,,West Germany,,245,1952,,,,
Rudi Fischer,Rudi,Fischer,RUD,,Switzerland,,246,1951–1952,,,,
Mike Fisher,Mike,Fisher,MIK,,United States,,247,1967,,,,
Giancarlo Fisichella,Giancarlo,Fisichella,GIA,,Italy,,248,1996–2009,,,,
John Fitch,John,Fitch,JOH,,United States,,249,1953,1955,,,
Christian Fittipaldi,Christian,Fittipaldi,CHR,,Brazil,,250,1992–1994,,,,
Emerson Fittipaldi,Emerson,Fittipaldi,EME,,Brazil,,251,1970–1980,,,,
Pietro Fittipaldi,Pietro,Fittipaldi,PIE,,Brazil,,252,2020,,,,
Wilson Fittipaldi,Wilson,Fittipaldi,WIL,,Brazil,,253,1972–1973,1975,,,
Theo Fitzau,Theo,Fitzau,THE,,East Germany,,254,1953,,,,
Pat Flaherty,Pat,Flaherty,PAT,,United States,,255,1950, 1953–1956,1959,,
Jan Flinterman,Jan,Flinterman,JAN,,Netherlands,,256,1952,,,,
Ron Flockhart,Ron,Flockhart,RON,,United Kingdom,,257,1954, 1956–1960,,,
Myron Fohr,Myron,Fohr,MYR,,United States,,258,1950,,,,
Gregor Foitek,Gregor,Foitek,GRE,,Switzerland,,259,1989–1990,,,,
George Follmer,George,Follmer,GEO,,United States,,260,1973,,,,
George Fonder,George,Fonder,GEO,,United States,,261,1952,1954,,,
Norberto Fontana,Norberto,Fontana,NOR,,Argentina,,262,1997,,,,
Asdrúbal Fontes Bayardo,Asdrúbal,Fontes Bayardo,ASD,,Uruguay,,263,1959,,,,
Carl Forberg,Carl,Forberg,CAR,,United States,,264,1951,,,,
Gene Force,Gene,Force,GEN,,United States,,265,1951,1960,,,
Franco Forini,Franco,Forini,FRA,,Switzerland,,266,1987,,,,
Philip Fotheringham-Parker,Philip,Fotheringham-Parker,PHI,,United Kingdom,,267,1951,,,,
A J Foyt,A.,J Foyt,A.,,United States,,268,1958–1960,,,,
Giorgio Francia,Giorgio,Francia,GIO,,Italy,,269,1977,1981,,,
Don Freeland,Don,Freeland,DON,,United States,,270,1953–1960,,,,
Heinz-Harald Frentzen,Heinz-Harald,Frentzen,HEI,,Germany,,271,1994–2003,,,,
Paul Frère,Paul,Frère,PAU,,Belgium,,272,1952–1956,,,,
Patrick Friesacher,Patrick,Friesacher,PAT,,Austria,,273,2005,,,,
Joe Fry,Joe,Fry,JOE,,United Kingdom,,274,1950,,,,
Hiroshi Fushida,Hiroshi,Fushida,HIR,,Japan,,275,1975,,,,
Beppe Gabbiani,Beppe,Gabbiani,BEP,,Italy,,276,1978,1981,,,
Bertrand Gachot,Bertrand,Gachot,BER,,"Belgium
France",,277,1989–1992, 1994–1995,,,
Patrick Gaillard,Patrick,Gaillard,PAT,,France,,278,1979,,,,
Divina Galica,Divina,Galica,DIV,,United Kingdom,,279,1976,1978,,,
Nanni Galli,Nanni,Galli,NAN,,Italy,,280,1970–1973,,,,
Oscar Alfredo Gálvez,Oscar,Alfredo Gálvez,OSC,,Argentina,,281,1953,,,,
Fred Gamble,Fred,Gamble,FRE,,United States,,282,1960,,,,
Howden Ganley,Howden,Ganley,HOW,,New Zealand,,283,1971–1974,,,,
Giedo van der Garde,Giedo,van der Garde,GIE,,Netherlands,,284,2013,,,,
Frank Gardner,Frank,Gardner,FRA,,Australia,,285,1964–1965,1968,,,
Billy Garrett,Billy,Garrett,BIL,,United States,,286,1956,1958,,,
Jo Gartner,Jo,Gartner,JO,,Austria,,287,1984,,,,
Pierre Gasly,Pierre,Gasly,PIE,,France,,288,2017–2022,,,,
Tony Gaze,Tony,Gaze,TON,,Australia,,289,1952,,,,
Geki,#VALUE!,#VALUE!,#VALUE!,,Italy,,290,1964–1966,,,,
Olivier Gendebien,Olivier,Gendebien,OLI,,Belgium,,291,1956, 1958–1961,,,
Marc Gené,Marc,Gené,MAR,,Spain,,292,1999–2000, 2003–2004,,,
Elmer George,Elmer,George,ELM,,United States,,293,1957,,,,
Bob Gerard,Bob,Gerard,BOB,,United Kingdom,,294,1950–1951, 1953–1954, 1956–1957,,
Gerino Gerini,Gerino,Gerini,GER,,Italy,,295,1956,1958,,,
Peter Gethin,Peter,Gethin,PET,,United Kingdom,,296,1970–1974,,,,
Piercarlo Ghinzani,Piercarlo,Ghinzani,PIE,,Italy,,297,1981, 1983–1989,,,
Bruno Giacomelli,Bruno,Giacomelli,BRU,,Italy,,298,1977–1983,1990,,,
Dick Gibson,Dick,Gibson,DIC,,United Kingdom,,299,1957–1958,,,,
Gimax,#VALUE!,#VALUE!,#VALUE!,,Italy,,300,1978,,,,
Richie Ginther,Richie,Ginther,RIC,,United States,,301,1960–1967,,,,
Antonio Giovinazzi,Antonio,Giovinazzi,ANT,,Italy,,302,2017, 2019–2021,,,
Yves Giraud-Cabantous,Yves,Giraud-Cabantous,YVE,,France,,303,1950–1953,,,,
Ignazio Giunti,Ignazio,Giunti,IGN,,Italy,,304,1970,,,,
Timo Glock,Timo,Glock,TIM,,Germany,,305,2004, 2008–2012,,,
Helm Glöckler,Helm,Glöckler,HEL,,West Germany,,306,1953,,,,
Paco Godia,Paco,Godia,PAC,,Spain,,307,1951,1954, 1956–1958,,
Carel Godin de Beaufort,Carel,Godin de Beaufort,CAR,,Netherlands,,308,1957–1964,,,,
Christian Goethals,Christian,Goethals,CHR,,Belgium,,309,1958,,,,
Paul Goldsmith,Paul,Goldsmith,PAU,,United States,,310,1958–1960,,,,
José Froilán González,José,Froilán González,JOS,,Argentina,,311,1950–1957,1960,,,
Óscar González,Óscar,González,ÓSC,,Uruguay,,312,1956,,,,
Aldo Gordini,Aldo,Gordini,ALD,,France,,313,1951,,,,
Horace Gould,Horace,Gould,HOR,,United Kingdom,,314,1954–1958,1960,,,
Jean-Marc Gounon,Jean-Marc,Gounon,JEA,,France,,315,1993–1994,,,,
Emmanuel de Graffenried,Emmanuel,de Graffenried,EMM,,Switzerland,,316,1950–1954,1956,,,
Lucas di Grassi,Lucas,di Grassi,LUC,,Brazil,,317,2010,,,,
Cecil Green,Cecil,Green,CEC,,United States,,318,1950–1951,,,,
Keith Greene,Keith,Greene,KEI,,United Kingdom,,319,1959–1962,,,,
Masten Gregory,Masten,Gregory,MAS,,United States,,320,1957–1963,1965,,,
Cliff Griffith,Cliff,Griffith,CLI,,United States,,321,1951–1952,1956,,,
Georges Grignard,Georges,Grignard,GEO,,France,,322,1951,,,,
Bobby Grim,Bobby,Grim,BOB,,United States,,323,1959–1960,,,,
Romain Grosjean,Romain,Grosjean,ROM,,France,,324,2009, 2012–2020,,,
Olivier Grouillard,Olivier,Grouillard,OLI,,France,,325,1989–1992,,,,
Brian Gubby,Brian,Gubby,BRI,,United Kingdom,,326,1965,,,,
André Guelfi,André,Guelfi,AND,,France,,327,1958,,,,
Miguel Ángel Guerra,Miguel,Ángel Guerra,MIG,,Argentina,,328,1981,,,,
Roberto Guerrero,Roberto,Guerrero,ROB,,Colombia,,329,1982–1983,,,,
Maurício Gugelmin,Maurício,Gugelmin,MAU,,Brazil,,330,1988–1992,,,,
Dan Gurney,Dan,Gurney,DAN,,United States,,331,1959–1968,1970,,,
Esteban Gutiérrez,Esteban,Gutiérrez,EST,,Mexico,,332,2013–2014,2016,,,
Hubert Hahne,Hubert,Hahne,HUB,,West Germany,,333,1967–1968,1970,,,
Mike Hailwood,Mike,Hailwood,MIK,,United Kingdom,,334,1963–1965, 1971–1974,,,
Mika Häkkinen,Mika,Häkkinen,MIK,,Finland,,335,1991–2001,,,,
Bruce Halford,Bruce,Halford,BRU,,United Kingdom,,336,1956–1957, 1959–1960,,,
Jim Hall,Jim,Hall,JIM,,United States,,337,1960–1963,,,,
Duncan Hamilton,Duncan,Hamilton,DUN,,United Kingdom,,338,1951–1953,,,,
Lewis Hamilton,Lewis,Hamilton,LEW,,United Kingdom,,339,2007–2022,,,,
David Hampshire,David,Hampshire,DAV,,United Kingdom,,340,1950,,,,
Sam Hanks,Sam,Hanks,SAM,,United States,,341,1950–1957,,,,
Walt Hansgen,Walt,Hansgen,WAL,,United States,,342,1961,1964,,,
Mike Harris,Mike,Harris,MIK,,South Africa,,343,1962,,,,
Cuth Harrison,Cuth,Harrison,CUT,,United Kingdom,,344,1950,,,,
Brian Hart,Brian,Hart,BRI,,United Kingdom,,345,1967,,,,
Brendon Hartley,Brendon,Hartley,BRE,,New Zealand,,346,2017–2018,,,,
Gene Hartley,Gene,Hartley,GEN,,United States,,347,1950, 1952–1960,,,
Rio Haryanto,Rio,Haryanto,RIO,,Indonesia,,348,2016,,,,
Masahiro Hasemi,Masahiro,Hasemi,MAS,,Japan,,349,1976,,,,
Naoki Hattori,Naoki,Hattori,NAO,,Japan,,350,1991,,,,
Paul Hawkins,Paul,Hawkins,PAU,,Australia,,351,1965,,,,
Mike Hawthorn,Mike,Hawthorn,MIK,,United Kingdom,,352,1952–1958,,,,
Boy Hayje,Boy,Hayje,BOY,,Netherlands,,353,1976–1977,,,,
Willi Heeks,Willi,Heeks,WIL,,West Germany,,354,1952–1953,,,,
Nick Heidfeld,Nick,Heidfeld,NIC,,Germany,,355,2000–2011,,,,
Theo Helfrich,Theo,Helfrich,THE,,West Germany,,356,1952–1954,,,,
Mack Hellings,Mack,Hellings,MAC,,United States,,357,1950–1951,,,,
Brian Henton,Brian,Henton,BRI,,United Kingdom,,358,1975,1977, 1981–1982,,
Johnny Herbert,Johnny,Herbert,JOH,,United Kingdom,,359,1989–2000,,,,
Al Herman,Al,Herman,AL,,United States,,360,1955–1957, 1959–1960,,,
Hans Herrmann,Hans,Herrmann,HAN,,West Germany,,361,1953–1955, 1957–1961,,,
François Hesnault,François,Hesnault,FRA,,France,,362,1984–1985,,,,
Hans Heyer,Hans,Heyer,HAN,,West Germany,,363,1977,,,,
Damon Hill,Damon,Hill^,DAM,,United Kingdom,,364,1992–1999,,,,
Graham Hill,Graham,Hill^,GRA,,United Kingdom,,365,1958–1975,,,,
Phil Hill^,Phil,Hill^,PHI,,United States,,366,1958–1964,1966,,,
Peter Hirt,Peter,Hirt,PET,,Switzerland,,367,1951–1953,,,,
David Hobbs,David,Hobbs,DAV,,United Kingdom,,368,1967–1968,1971,1974,,
Gary Hocking,Gary,Hocking,GAR,,Rhodesia and Nyasaland,,369,1962,,,,
Ingo Hoffmann,Ingo,Hoffmann,ING,,Brazil,,370,1976–1977,,,,
Bill Holland,Bill,Holland,BIL,,United States,,371,1950,1953,,,
Jackie Holmes,Jackie,Holmes,JAC,,United States,,372,1950,1953,,,
Bill Homeier,Bill,Homeier,BIL,,United States,,373,1954–1955,1960,,,
Kazuyoshi Hoshino,Kazuyoshi,Hoshino,KAZ,,Japan,,374,1976–1977,,,,
Jerry Hoyt,Jerry,Hoyt,JER,,United States,,375,1950, 1953–1955,,,
Nico Hülkenberg*,Nico,Hülkenberg*,NIC,,Germany,,376,2010, 2012–2020,2022,,
Denny Hulme^,Denny,Hulme^,DEN,,New Zealand,,377,1965–1974,,,,
James Hunt^,James,Hunt^,JAM,,United Kingdom,,378,1973–1979,,,,
Jim Hurtubise,Jim,Hurtubise,JIM,,United States,,379,1960,,,,
Gus Hutchison,Gus,Hutchison,GUS,,United States,,380,1970,,,,
Jacky Ickx,Jacky,Ickx,JAC,,Belgium,,381,1967–1979,,,,
Yuji Ide,Yuji,Ide,YUJ,,Japan,,382,2006,,,,
Jesús Iglesias,Jesús,Iglesias,JES,,Argentina,,383,1955,,,,
Taki Inoue,Taki,Inoue,TAK,,Japan,,384,1994–1995,,,,
Innes Ireland,Innes,Ireland,INN,,United Kingdom,,385,1959–1966,,,,
Eddie Irvine,Eddie,Irvine,EDD,,United Kingdom,,386,1993–2002,,,,
Chris Irwin,Chris,Irwin,CHR,,United Kingdom,,387,1966–1967,,,,
Jean-Pierre Jabouille,Jean-Pierre,Jabouille,JEA,,France,,388,1974–1975, 1977–1981,,,
Jimmy Jackson,Jimmy,Jackson,JIM,,United States,,389,1950,1954,,,
Joe James,Joe,James,JOE,,United States,,390,1951–1952,,,,
John James,John,James,JOH,,United Kingdom,,391,1951,,,,
Jean-Pierre Jarier,Jean-Pierre,Jarier,JEA,,France,,392,1971, 1973–1983,,,
Max Jean[w],Max,Jean[w],MAX,,France,,393,1971,,,,
Stefan Johansson,Stefan,Johansson,STE,,Sweden,,394,1980, 1983–1991,,,
Eddie Johnson,Eddie,Johnson,EDD,,United States,,395,1952–1960,,,,
Leslie Johnson,Leslie,Johnson,LES,,United Kingdom,,396,1950,,,,
Bruce Johnstone,Bruce,Johnstone,BRU,,South Africa,,397,1962,,,,
Alan Jones^,Alan,Jones^,ALA,,Australia,,398,1975–1981,1983, 1985–1986,,
Tom Jones,Tom,Jones,TOM,,United States,,399,1967,,,,
Juan Jover,Juan,Jover,JUA,,Spain,,400,1951,,,,
Oswald Karch,Oswald,Karch,OSW,,West Germany,,401,1953,,,,
Narain Karthikeyan,Narain,Karthikeyan,NAR,,India,,402,2005, 2011–2012,,,
Ukyo Katayama,Ukyo,Katayama,UKY,,Japan,,403,1992–1997,,,,
Ken Kavanagh,Ken,Kavanagh,KEN,,Australia,,404,1958,,,,
Rupert Keegan,Rupert,Keegan,RUP,,United Kingdom,,405,1977–1978,1980,1982,,
Eddie Keizan,Eddie,Keizan,EDD,,South Africa,,406,1973–1975,,,,
Al Keller,Al,Keller,AL,,United States,,407,1955–1959,,,,
Joe Kelly,Joe,Kelly,JOE,,Ireland,,408,1950–1951,,,,
David Kennedy,David,Kennedy,DAV,,Ireland,,409,1980,,,,
Loris Kessel,Loris,Kessel,LOR,,Switzerland,,410,1976–1977,,,,
Bruce Kessler,Bruce,Kessler,BRU,,United States,,411,1958,,,,
Nicolas Kiesa,Nicolas,Kiesa,NIC,,Denmark,,412,2003,,,,
Leo Kinnunen,Leo,Kinnunen,LEO,,Finland,,413,1974,,,,
Danny Kladis,Danny,Kladis,DAN,,United States,,414,1954,,,,
Hans Klenk,Hans,Klenk,HAN,,West Germany,,415,1952,,,,
Peter de Klerk,Peter,de Klerk,PET,,South Africa,,416,1963,1965, 1969–1970,,
Christian Klien,Christian,Klien,CHR,,Austria,,417,2004–2006,2010,,,
Karl Kling,Karl,Kling,KAR,,West Germany,,418,1954–1955,,,,
Ernst Klodwig,Ernst,Klodwig,ERN,,East Germany,,419,1952–1953,,,,
Kamui Kobayashi,Kamui,Kobayashi,KAM,,Japan,,420,2009–2012,2014,,,
Helmuth Koinigg,Helmuth,Koinigg,HEL,,Austria,,421,1974,,,,
Heikki Kovalainen,Heikki,Kovalainen,HEI,,Finland,,422,2007–2013,,,,
Mikko Kozarowitzky,Mikko,Kozarowitzky,MIK,,Finland,,423,1977,,,,
Willi Krakau,Willi,Krakau,WIL,,West Germany,,424,1952,,,,
Rudolf Krause,Rudolf,Krause,RUD,,East Germany,,425,1952–1953,,,,
Robert Kubica,Robert,Kubica,ROB,,Poland,,426,2006–2010,2019,2021,,
Kurt Kuhnke,Kurt,Kuhnke,KUR,,West Germany,,427,1963,,,,
Masami Kuwashima,Masami,Kuwashima,MAS,,Japan,,428,1976,,,,
Daniil Kvyat,Daniil,Kvyat,DAN,,Russia,,429,2014–2017, 2019–2020,,,
Robert La Caze,Robert,La Caze,ROB,,Morocco[43],,430,1958,,,,
Jacques Laffite,Jacques,Laffite,JAC,,France,,431,1974–1986,,,,
Franck Lagorce,Franck,Lagorce,FRA,,France,,432,1994,,,,
Jan Lammers,Jan,Lammers,JAN,,Netherlands,,433,1979–1982,1992,,,
Pedro Lamy,Pedro,Lamy,PED,,Portugal,,434,1993–1996,,,,
Chico Landi,Chico,Landi,CHI,,Brazil,,435,1951–1953,1956,,,
Hermann Lang,Hermann,Lang,HER,,West Germany,,436,1953–1954,,,,
Claudio Langes,Claudio,Langes,CLA,,Italy,,437,1990,,,,
Nicola Larini,Nicola,Larini,NIC,,Italy,,438,1987–1992,1994,1997,,
Oscar Larrauri,Oscar,Larrauri,OSC,,Argentina,,439,1988–1989,,,,
Gérard Larrousse,Gérard,Larrousse,GÉR,,France,,440,1974,,,,
Jud Larson,Jud,Larson,JUD,,United States,,441,1958–1959,,,,
Nicholas Latifi*,Nicholas,Latifi*,NIC,,Canada,,442,2020–2022,,,,
Niki Lauda^,Niki,Lauda^,NIK,,Austria,,443,1971–1979, 1982–1985,,,
Roger Laurent,Roger,Laurent,ROG,,Belgium,,444,1952,,,,
Giovanni Lavaggi,Giovanni,Lavaggi,GIO,,Italy,,445,1995–1996,,,,
Chris Lawrence,Chris,Lawrence,CHR,,United Kingdom,,446,1966,,,,
Charles Leclerc*,Charles,Leclerc*,CHA,,Monaco,,447,2018–2022,,,,
Michel Leclère,Michel,Leclère,MIC,,France,,448,1975–1976,,,,
Neville Lederle,Neville,Lederle,NEV,,South Africa,,449,1962,1965,,,
Geoff Lees,Geoff,Lees,GEO,,United Kingdom,,450,1978–1980,1982,,,
Gijs van Lennep,Gijs,van Lennep,GIJ,,Netherlands,,451,1971, 1973–1975,,,
Arthur Legat,Arthur,Legat,ART,,Belgium,,452,1952–1953,,,,
JJ Lehto,JJ,Lehto,JJ,,Finland,,453,1989–1994,,,,
Lamberto Leoni,Lamberto,Leoni,LAM,,Italy,,454,1977–1978,,,,
Les Leston,Les,Leston,LES,,United Kingdom,,455,1956–1957,,,,
Pierre Levegh,Pierre,Levegh,PIE,,France,,456,1950–1951,,,,
Bayliss Levrett,Bayliss,Levrett,BAY,,United States,,457,1950,,,,
Jackie Lewis,Jackie,Lewis,JAC,,United Kingdom,,458,1961–1962,,,,
Stuart Lewis-Evans,Stuart,Lewis-Evans,STU,,United Kingdom,,459,1957–1958,,,,
Guy Ligier,Guy,Ligier,GUY,,France,,460,1966–1967,,,,
Andy Linden,Andy,Linden,AND,,United States,,461,1951–1957,,,,
Roberto Lippi,Roberto,Lippi,ROB,,Italy,,462,1961–1963,,,,
Vitantonio Liuzzi,Vitantonio,Liuzzi,VIT,,Italy,,463,2005–2007, 2009–2011,,,
Dries van der Lof,Dries,van der Lof,DRI,,Netherlands,,464,1952,,,,
Lella Lombardi,Lella,Lombardi,LEL,,Italy,,465,1974–1976,,,,
Ricardo Londoño,Ricardo,Londoño,RIC,,Colombia,,466,1981,,,,
Ernst Loof,Ernst,Loof,ERN,,West Germany,,467,1953,,,,
André Lotterer,André,Lotterer,AND,,Germany,,468,2014,,,,
Henri Louveau,Henri,Louveau,HEN,,France,,469,1950–1951,,,,
John Love,John,Love,JOH,,Rhodesia,,470,1962–1965, 1967–1972,,,
Pete Lovely,Pete,Lovely,PET,,United States,,471,1959–1960, 1969–1971,,,
Roger Loyer,Roger,Loyer,ROG,,France,,472,1954,,,,
Jean Lucas,Jean,Lucas,JEA,,France,,473,1955,,,,
Jean Lucienbonnet,Jean,Lucienbonnet,JEA,,France,,474,1959,,,,
Erik Lundgren,Erik,Lundgren,ERI,,Sweden,,475,1951,,,,
Brett Lunger,Brett,Lunger,BRE,,United States,,476,1975–1978,,,,
Mike MacDowel,Mike,MacDowel,MIK,,United Kingdom,,477,1957,,,,
Herbert MacKay-Fraser,Herbert,MacKay-Fraser,HER,,United States,,478,1957,,,,
Bill Mackey,Bill,Mackey,BIL,,United States,,479,1951,,,,
Lance Macklin,Lance,Macklin,LAN,,United Kingdom,,480,1952–1955,,,,
Damien Magee,Damien,Magee,DAM,,United Kingdom,,481,1975–1976,,,,
Tony Maggs,Tony,Maggs,TON,,South Africa,,482,1961–1965,,,,
Mike Magill,Mike,Magill,MIK,,United States,,483,1957–1959,,,,
Umberto Maglioli,Umberto,Maglioli,UMB,,Italy,,484,1953–1957,,,,
Jan Magnussen,Jan,Magnussen,JAN,,Denmark,,485,1995, 1997–1998,,,
Kevin Magnussen*,Kevin,Magnussen*,KEV,,Denmark,,486,2014–2020,2022,,,
Guy Mairesse,Guy,Mairesse,GUY,,France,,487,1950–1951,,,,
Willy Mairesse,Willy,Mairesse,WIL,,Belgium,,488,1960–1963,1965,,,
Pastor Maldonado,Pastor,Maldonado,PAS,,Venezuela,,489,2011–2015,,,,
Nigel Mansell^,Nigel,Mansell^,NIG,,United Kingdom,,490,1980–1992, 1994–1995,,,
Sergio Mantovani,Sergio,Mantovani,SER,,Italy,,491,1953–1955,,,,
Johnny Mantz,Johnny,Mantz,JOH,,United States,,492,1953,,,,
Robert Manzon,Robert,Manzon,ROB,,France,,493,1950–1956,,,,
Onofre Marimón,Onofre,Marimón,ONO,,Argentina,,494,1951, 1953–1954,,,
Helmut Marko,Helmut,Marko,HEL,,Austria,,495,1971–1972,,,,
Tarso Marques,Tarso,Marques,TAR,,Brazil,,496,1996–1997,2001,,,
Leslie Marr,Leslie,Marr,LES,,United Kingdom,,497,1954–1955,,,,
Tony Marsh,Tony,Marsh,TON,,United Kingdom,,498,1957–1958,1961,,,
Eugène Martin,Eugène,Martin,EUG,,France,,499,1950,,,,
Pierluigi Martini,Pierluigi,Martini,PIE,,Italy,,500,1984–1985, 1988–1995,,,
Jochen Mass,Jochen,Mass,JOC,,West Germany,,501,1973–1980,1982,,,
Felipe Massa,Felipe,Massa,FEL,,Brazil,,502,2002, 2004–2017,,,
Cristiano da Matta,Cristiano,da Matta,CRI,,Brazil,,503,2003–2004,,,,
Michael May,Michael,May,MIC,,Switzerland,,504,1961,,,,
Timmy Mayer,Timmy,Mayer,TIM,,United States,,505,1962,,,,
Nikita Mazepin,Nikita,Mazepin,NIK,,RAF[z],,506,2021,,,,
François Mazet,François,Mazet,FRA,,France,,507,1971,,,,
Gastón Mazzacane,Gastón,Mazzacane,GAS,,Argentina,,508,2000–2001,,,,
Kenneth McAlpine,Kenneth,McAlpine,KEN,,United Kingdom,,509,1952–1953,1955,,,
Perry McCarthy,Perry,McCarthy,PER,,United Kingdom,,510,1992,,,,
Ernie McCoy,Ernie,McCoy,ERN,,United States,,511,1953–1954,,,,
Johnny McDowell,Johnny,McDowell,JOH,,United States,,512,1950–1952,,,,
Jack McGrath,Jack,McGrath,JAC,,United States,,513,1950–1955,,,,
Brian McGuire,Brian,McGuire,BRI,,Australia,,514,1977,,,,
Bruce McLaren,Bruce,McLaren,BRU,,New Zealand,,515,1958–1970,,,,
Allan McNish,Allan,McNish,ALL,,United Kingdom,,516,2002,,,,
Graham McRae,Graham,McRae,GRA,,New Zealand,,517,1973,,,,
Jim McWithey,Jim,McWithey,JIM,,United States,,518,1959–1960,,,,
Carlos Menditeguy,Carlos,Menditeguy,CAR,,Argentina,,519,1953–1958,1960,,,
Roberto Merhi,Roberto,Merhi,ROB,,Spain,,520,2015,,,,
Harry Merkel,Harry,Merkel,HAR,,West Germany,,521,1952,,,,
Arturo Merzario,Arturo,Merzario,ART,,Italy,,522,1972–1979,,,,
Roberto Mieres,Roberto,Mieres,ROB,,Argentina,,523,1953–1955,,,,
François Migault,François,Migault,FRA,,France,,524,1972, 1974–1975,,,
John Miles,John,Miles,JOH,,United Kingdom,,525,1969–1970,,,,
Ken Miles,Ken,Miles,KEN,,United Kingdom,,526,1961,,,,
André Milhoux,André,Milhoux,AND,,Belgium,,527,1956,,,,
Chet Miller,Chet,Miller,CHE,,United States,,528,1951–1952,,,,
Gerhard Mitter,Gerhard,Mitter,GER,,West Germany,,529,1963–1965,,,,
Stefano Modena,Stefano,Modena,STE,,Italy,,530,1987–1992,,,,
Thomas Monarch,Thomas,Monarch,THO,,United States,,531,1963,,,,
Franck Montagny,Franck,Montagny,FRA,,France,,532,2006,,,,
Tiago Monteiro,Tiago,Monteiro,TIA,,Portugal,,533,2005–2006,,,,
Andrea Montermini,Andrea,Montermini,AND,,Italy,,534,1994–1996,,,,
Peter Monteverdi,Peter,Monteverdi,PET,,Switzerland,,535,1961,,,,
Robin Montgomerie-Charrington,Robin,Montgomerie-Charrington,ROB,,United Kingdom,,536,1952,,,,
Juan Pablo Montoya,Juan,Pablo Montoya,JUA,,Colombia,,537,2001–2006,,,,
Gianni Morbidelli,Gianni,Morbidelli,GIA,,Italy,,538,1990–1992, 1994–1995,1997,,
Roberto Moreno,Roberto,Moreno,ROB,,Brazil,,539,1982,1987, 1989–1992,1995,
Dave Morgan,Dave,Morgan,DAV,,United Kingdom,,540,1975,,,,
Silvio Moser,Silvio,Moser,SIL,,Switzerland,,541,1967–1971,,,,
Bill Moss,Bill,Moss,BIL,,United Kingdom,,542,1959,,,,
Stirling Moss,Stirling,Moss,STI,,United Kingdom,,543,1951–1961,,,,
Gino Munaron,Gino,Munaron,GIN,,Italy,,544,1960,,,,
David Murray,David,Murray,DAV,,United Kingdom,,545,1950–1952,,,,
Luigi Musso,Luigi,Musso,LUI,,Italy,,546,1953–1958,,,,
Kazuki Nakajima,Kazuki,Nakajima,KAZ,,Japan,,547,2007–2009,,,,
Satoru Nakajima,Satoru,Nakajima,SAT,,Japan,,548,1987–1991,,,,
Shinji Nakano,Shinji,Nakano,SHI,,Japan,,549,1997–1998,,,,
Duke Nalon,Duke,Nalon,DUK,,United States,,550,1951–1953,,,,
Alessandro Nannini,Alessandro,Nannini,ALE,,Italy,,551,1986–1990,,,,
Emanuele Naspetti,Emanuele,Naspetti,EMA,,Italy,,552,1992–1993,,,,
Felipe Nasr,Felipe,Nasr,FEL,,Brazil,,553,2015–2016,,,,
Massimo Natili,Massimo,Natili,MAS,,Italy,,554,1961,,,,
Brian Naylor,Brian,Naylor,BRI,,United Kingdom,,555,1957–1961,,,,
Mike Nazaruk,Mike,Nazaruk,MIK,,United States,,556,1951, 1953–1954,,,
Tiff Needell,Tiff,Needell,TIF,,United Kingdom,,557,1980,,,,
Jac Nellemann,Jac,Nellemann,JAC,,Denmark,,558,1976,,,,
Patrick Nève,Patrick,Nève,PAT,,Belgium,,559,1976–1978,,,,
John Nicholson,John,Nicholson,JOH,,New Zealand,,560,1974–1975,,,,
Cal Niday,Cal,Niday,CAL,,United States,,561,1953–1955,,,,
Helmut Niedermayr,Helmut,Niedermayr,HEL,,West Germany,,562,1952,,,,
Brausch Niemann,Brausch,Niemann,BRA,,South Africa,,563,1963,1965,,,
Gunnar Nilsson,Gunnar,Nilsson,GUN,,Sweden,,564,1976–1977,,,,
Hideki Noda,Hideki,Noda,HID,,Japan,,565,1994,,,,
Lando Norris*,Lando,Norris*,LAN,,United Kingdom,,566,2019–2022,,,,
Rodney Nuckey,Rodney,Nuckey,ROD,,United Kingdom,,567,1953,,,,
Robert O'Brien,Robert,O'Brien,ROB,,United States,,568,1952,,,,
Esteban Ocon*,Esteban,Ocon*,EST,,France,,569,2016–2018, 2020–2022,,,
Pat O'Connor,Pat,O'Connor,PAT,,United States,,570,1954–1958,,,,
Casimiro de Oliveira,Casimiro,de Oliveira,CAS,,Portugal,,571,1958,,,,
Jackie Oliver,Jackie,Oliver,JAC,,United Kingdom,,572,1968–1973,1977,,,
Danny Ongais,Danny,Ongais,DAN,,United States,,573,1977–1978,,,,
Rikky von Opel,Rikky,von Opel,RIK,,Liechtenstein,,574,1973–1974,,,,
Karl Oppitzhauser,Karl,Oppitzhauser,KAR,,Austria,,575,1976,,,,
Fritz d'Orey,Fritz,d'Orey,FRI,,Brazil,,576,1959,,,,
Arthur Owen,Arthur,Owen,ART,,United Kingdom,,577,1960,,,,
Carlos Pace,Carlos,Pace,CAR,,Brazil,,578,1972–1977,,,,
Nello Pagani,Nello,Pagani,NEL,,Italy,,579,1950,,,,
Riccardo Paletti,Riccardo,Paletti,RIC,,Italy,,580,1982,,,,
Torsten Palm,Torsten,Palm,TOR,,Sweden,,581,1975,,,,
Jolyon Palmer,Jolyon,Palmer,JOL,,United Kingdom,,582,2016–2017,,,,
Jonathan Palmer,Jonathan,Palmer,JON,,United Kingdom,,583,1983–1989,,,,
Olivier Panis,Olivier,Panis,OLI,,France,,584,1994–1999, 2001–2004,,,
Giorgio Pantano,Giorgio,Pantano,GIO,,Italy,,585,2004,,,,
Massimiliano Papis,Massimiliano,Papis,MAS,,Italy,,586,1995,,,,
Mike Parkes,Mike,Parkes,MIK,,United Kingdom,,587,1959, 1966–1967,,,
Reg Parnell,Reg,Parnell,REG,,United Kingdom,,588,1950–1952,1954,,,
Tim Parnell,Tim,Parnell,TIM,,United Kingdom,,589,1959,1961,1963,,
Johnnie Parsons,Johnnie,Parsons,JOH,,United States,,590,1950–1958,,,,
Riccardo Patrese,Riccardo,Patrese,RIC,,Italy,,591,1977–1993,,,,
Al Pease,Al,Pease,AL,,Canada,,592,1967–1969,,,,
Roger Penske,Roger,Penske,ROG,,United States,,593,1961–1962,,,,
Cesare Perdisa,Cesare,Perdisa,CES,,Italy,,594,1955–1957,,,,
Sergio Pérez*,Sergio,Pérez*,SER,,Mexico,,595,2011–2022,,,,
Luis Pérez-Sala,Luis,Pérez-Sala,LUI,,Spain,,596,1988–1989,,,,
Larry Perkins,Larry,Perkins,LAR,,Australia,,597,1974, 1976–1977,,,
Henri Pescarolo,Henri,Pescarolo,HEN,,France,,598,1968, 1970–1974,1976,,
Alessandro Pesenti-Rossi,Alessandro,Pesenti-Rossi,ALE,,Italy,,599,1976,,,,
Josef Peters,Josef,Peters,JOS,,West Germany,,600,1952,,,,
Ronnie Peterson,Ronnie,Peterson,RON,,Sweden,,601,1970–1978,,,,
Vitaly Petrov,Vitaly,Petrov,VIT,,Russia,,602,2010–2012,,,,
Alfredo Pián,Alfredo,Pián,ALF,,Argentina,,603,1950,,,,
Charles Pic,Charles,Pic,CHA,,France,,604,2012–2013,,,,
François Picard,François,Picard,FRA,,France,,605,1958,,,,
Ernie Pieterse,Ernie,Pieterse,ERN,,South Africa,,606,1962–1963,1965,,,
Paul Pietsch,Paul,Pietsch,PAU,,West Germany,,607,1950–1952,,,,
André Pilette,André,Pilette,AND,,Belgium,,608,1951, 1953–1954,1956,1961, 1963–1964
Teddy Pilette,Teddy,Pilette,TED,,Belgium,,609,1974,1977,,,
Luigi Piotti,Luigi,Piotti,LUI,,Italy,,610,1955–1958,,,,
David Piper,David,Piper,DAV,,United Kingdom,,611,1959–1960,,,,
Nelson Piquet^,Nelson,Piquet^,NEL,,Brazil,,612,1978–1991,,,,
Nelson Piquet Jr,Nelson,Piquet Jr,NEL,,Brazil,,613,2008–2009,,,,
Renato Pirocchi,Renato,Pirocchi,REN,,Italy,,614,1961,,,,
Didier Pironi,Didier,Pironi,DID,,France,,615,1978–1982,,,,
Emanuele Pirro,Emanuele,Pirro,EMA,,Italy,,616,1989–1991,,,,
Antônio Pizzonia,Antônio,Pizzonia,ANT,,Brazil,,617,2003–2005,,,,
Eric van de Poele,Eric,van de Poele,ERI,,Belgium,,618,1991–1992,,,,
Jacques Pollet,Jacques,Pollet,JAC,,France,,619,1954–1955,,,,
Ben Pon,Ben,Pon,BEN,,Netherlands,,620,1962,,,,
Dennis Poore,Dennis,Poore,DEN,,United Kingdom,,621,1952,,,,
Alfonso de Portago,Alfonso,de Portago,ALF,,Spain,,622,1956–1957,,,,
Sam Posey,Sam,Posey,SAM,,United States,,623,1971–1972,,,,
Charles Pozzi,Charles,Pozzi,CHA,,France,,624,1950,,,,
Jackie Pretorius,Jackie,Pretorius,JAC,,South Africa,,625,1965,1968,1971,1973,
Ernesto Prinoth,Ernesto,Prinoth,ERN,,Italy,,626,1962,,,,
David Prophet,David,Prophet,DAV,,United Kingdom,,627,1963,1965,,,
Alain Prost^,Alain,Prost^,ALA,,France,,628,1980–1991,1993,,,
Tom Pryce,Tom,Pryce,TOM,,United Kingdom,,629,1974–1977,,,,
David Purley,David,Purley,DAV,,United Kingdom,,630,1973–1974,1977,,,
Clive Puzey,Clive,Puzey,CLI,,Rhodesia,,631,1965,,,,
Dieter Quester,Dieter,Quester,DIE,,Austria,,632,1969,1974,,,
Ian Raby,Ian,Raby,IAN,,United Kingdom,,633,1963–1965,,,,
Bobby Rahal,Bobby,Rahal,BOB,,United States,,634,1978,,,,
Kimi Räikkönen^,Kimi,Räikkönen^,KIM,,Finland,,635,2001–2009, 2012–2021,,,
Hermano da Silva Ramos,Hermano,da Silva Ramos,HER,,Brazil,,636,1955–1956,,,,
Pierre-Henri Raphanel,Pierre-Henri,Raphanel,PIE,,France,,637,1988–1989,,,,
Dick Rathmann,Dick,Rathmann,DIC,,United States,,638,1950,1956, 1958–1960,,
Jim Rathmann,Jim,Rathmann,JIM,,United States,,639,1950, 1952–1960,,,
Roland Ratzenberger,Roland,Ratzenberger,ROL,,Austria,,640,1994,,,,
Héctor Rebaque,Héctor,Rebaque,HÉC,,Mexico,,641,1977–1981,,,,
Brian Redman,Brian,Redman,BRI,,United Kingdom,,642,1968, 1970–1974,,,
Jimmy Reece,Jimmy,Reece,JIM,,United States,,643,1952, 1954–1958,,,
Ray Reed,Ray,Reed,RAY,,Rhodesia,,644,1965,,,,
Alan Rees,Alan,Rees,ALA,,United Kingdom,,645,1967,,,,
Clay Regazzoni,Clay,Regazzoni,CLA,,Switzerland,,646,1970–1980,,,,
Paul di Resta,Paul,di Resta,PAU,,United Kingdom,,647,2011–2013,2017,,,
Carlos Reutemann,Carlos,Reutemann,CAR,,Argentina,,648,1972–1982,,,,
Lance Reventlow,Lance,Reventlow,LAN,,United States,,649,1960,,,,
Peter Revson,Peter,Revson,PET,,United States,,650,1964, 1971–1974,,,
John Rhodes,John,Rhodes,JOH,,United Kingdom,,651,1965,,,,
Alex Ribeiro,Alex,Ribeiro,ALE,,Brazil,,652,1976–1977,1979,,,
Daniel Ricciardo*,Daniel,Ricciardo*,DAN,,Australia,,653,2011–2022,,,,
Ken Richardson,Ken,Richardson,KEN,,United Kingdom,,654,1951,,,,
Fritz Riess,Fritz,Riess,FRI,,West Germany,,655,1952,,,,
Jim Rigsby,Jim,Rigsby,JIM,,United States,,656,1952,,,,
Jochen Rindt^,Jochen,Rindt^,JOC,,Austria,,657,1964–1970,,,,
John Riseley-Prichard,John,Riseley-Prichard,JOH,,United Kingdom,,658,1954,,,,
Giovanni de Riu,Giovanni,de Riu,GIO,,Italy,,659,1954,,,,
Richard Robarts,Richard,Robarts,RIC,,United Kingdom,,660,1974,,,,
Pedro Rodríguez,Pedro,Rodríguez,PED,,Mexico,,661,1963–1971,,,,
Ricardo Rodríguez,Ricardo,Rodríguez,RIC,,Mexico,,662,1961–1962,,,,
Alberto Rodriguez Larreta,Alberto,Rodriguez Larreta,ALB,,Argentina,,663,1960,,,,
Franco Rol,Franco,Rol,FRA,,Italy,,664,1950–1952,,,,
Alan Rollinson,Alan,Rollinson,ALA,,United Kingdom,,665,1965,,,,
Tony Rolt,Tony,Rolt,TON,,United Kingdom,,666,1950,1953,1955,,
Bertil Roos,Bertil,Roos,BER,,Sweden,,667,1974,,,,
Pedro de la Rosa,Pedro,de la Rosa,PED,,Spain,,668,1999–2002, 2005–2006, 2010–2012,,
Keke Rosberg^,Keke,Rosberg^,KEK,,Finland,,669,1978–1986,,,,
Nico Rosberg^,Nico,Rosberg^,NIC,,Germany,,670,2006–2016,,,,
Mauri Rose,Mauri,Rose,MAU,,United States,,671,1950–1951,,,,
Louis Rosier,Louis,Rosier,LOU,,France,,672,1950–1956,,,,
Ricardo Rosset,Ricardo,Rosset,RIC,,Brazil,,673,1996–1998,,,,
Alexander Rossi,Alexander,Rossi,ALE,,United States,,674,2015,,,,
Huub Rothengatter,Huub,Rothengatter,HUU,,Netherlands,,675,1984–1986,,,,
Basil van Rooyen,Basil,van Rooyen,BAS,,South Africa,,676,1968–1969,,,,
Lloyd Ruby,Lloyd,Ruby,LLO,,United States,,677,1960–1961,,,,
Jean-Claude Rudaz,Jean-Claude,Rudaz,JEA,,Switzerland,,678,1964,,,,
George Russell*,George,Russell*,GEO,,United Kingdom,,679,2019–2022,,,,
Eddie Russo,Eddie,Russo,EDD,,United States,,680,1955–1957,1960,,,
Paul Russo,Paul,Russo,PAU,,United States,,681,1950–1960,,,,
Troy Ruttman,Troy,Ruttman,TRO,,United States,,682,1950–1958,1960,,,
Peter Ryan,Peter,Ryan,PET,,Canada,,683,1961,,,,
Eddie Sachs,Eddie,Sachs,EDD,,United States,,684,1957–1960,,,,
Bob Said,Bob,Said,BOB,,United States,,685,1959,,,,
Carlos Sainz Jr*,Carlos,Sainz Jr*,CAR,,Spain,,686,2015–2022,,,,
Eliseo Salazar,Eliseo,Salazar,ELI,,Chile,,687,1981–1983,,,,
Mika Salo,Mika,Salo,MIK,,Finland,,688,1994–2000,2002,,,
Roy Salvadori,Roy,Salvadori,ROY,,United Kingdom,,689,1952–1962,,,,
Consalvo Sanesi,Consalvo,Sanesi,CON,,Italy,,690,1950–1951,,,,
Stéphane Sarrazin,Stéphane,Sarrazin,STÉ,,France,,691,1999,,,,
Takuma Sato,Takuma,Sato,TAK,,Japan,,692,2002–2008,,,,
Carl Scarborough,Carl,Scarborough,CAR,,United States,,693,1951,1953,,,
Ludovico Scarfiotti,Ludovico,Scarfiotti,LUD,,Italy,,694,1963–1968,,,,
Giorgio Scarlatti,Giorgio,Scarlatti,GIO,,Italy,,695,1956–1961,,,,
Ian Scheckter,Ian,Scheckter,IAN,,South Africa,,696,1974–1977,,,,
Jody Scheckter^,Jody,Scheckter^,JOD,,South Africa,,697,1972–1980,,,,
Harry Schell,Harry,Schell,HAR,,United States,,698,1950–1960,,,,
Tim Schenken,Tim,Schenken,TIM,,Australia,,699,1970–1974,,,,
Albert Scherrer,Albert,Scherrer,ALB,,Switzerland,,700,1953,,,,
Domenico Schiattarella,Domenico,Schiattarella,DOM,,Italy,,701,1994–1995,,,,
Heinz Schiller,Heinz,Schiller,HEI,,Switzerland,,702,1962,,,,
Bill Schindler,Bill,Schindler,BIL,,United States,,703,1950–1952,,,,
Jean-Louis Schlesser,Jean-Louis,Schlesser,JEA,,France,,704,1983,1988,,,
Jo Schlesser,Jo,Schlesser,JO,,France,,705,1968,,,,
Bernd Schneider,Bernd,Schneider,BER,,West Germany,,706,1988–1990,,,,
Rudolf Schoeller,Rudolf,Schoeller,RUD,,Switzerland,,707,1952,,,,
Rob Schroeder,Rob,Schroeder,ROB,,United States,,708,1962,,,,
Michael Schumacher^,Michael,Schumacher^,MIC,,Germany,,709,1991–2006, 2010–2012,,,
Mick Schumacher*,Mick,Schumacher*,MIC,,Germany,,710,2021–2022,,,,
Ralf Schumacher,Ralf,Schumacher,RAL,,Germany,,711,1997–2007,,,,
Vern Schuppan,Vern,Schuppan,VER,,Australia,,712,1972, 1974–1975,1977,,
Adolfo Schwelm Cruz,Adolfo,Schwelm Cruz,ADO,,Argentina,,713,1953,,,,
Bob Scott,Bob,Scott,BOB,,United States,,714,1952–1954,,,,
Archie Scott Brown,Archie,Scott Brown,ARC,,United Kingdom,,715,1956,,,,
Piero Scotti,Piero,Scotti,PIE,,Italy,,716,1956,,,,
Wolfgang Seidel,Wolfgang,Seidel,WOL,,West Germany,,717,1953,1958, 1960–1962,,
Günther Seiffert,Günther,Seiffert,GÜN,,West Germany,,718,1962,,,,
Ayrton Senna^,Ayrton,Senna^,AYR,,Brazil,,719,1984–1994,,,,
Bruno Senna,Bruno,Senna,BRU,,Brazil,,720,2010–2012,,,,
Dorino Serafini,Dorino,Serafini,DOR,,Italy,,721,1950,,,,
Chico Serra,Chico,Serra,CHI,,Brazil,,722,1981–1983,,,,
Doug Serrurier,Doug,Serrurier,DOU,,South Africa,,723,1962–1963,1965,,,
Johnny Servoz-Gavin,Johnny,Servoz-Gavin,JOH,,France,,724,1967–1970,,,,
Tony Settember,Tony,Settember,TON,,United States,,725,1962–1963,,,,
Hap Sharp,Hap,Sharp,HAP,,United States,,726,1961–1964,,,,
Brian Shawe-Taylor,Brian,Shawe-Taylor,BRI,,United Kingdom,,727,1950–1951,,,,
Carroll Shelby,Carroll,Shelby,CAR,,United States,,728,1958–1959,,,,
Tony Shelly,Tony,Shelly,TON,,New Zealand,,729,1962,,,,
Jo Siffert,Jo,Siffert,JO,,Switzerland,,730,1962–1971,,,,
André Simon,André,Simon,AND,,France,,731,1951–1952, 1955–1957,,,
Sergey Sirotkin,Sergey,Sirotkin,SER,,Russia,,732,2018,,,,
Rob Slotemaker,Rob,Slotemaker,ROB,,Netherlands,,733,1962,,,,
Moisés Solana,Moisés,Solana,MOI,,Mexico,,734,1963–1968,,,,
Alex Soler-Roig,Alex,Soler-Roig,ALE,,Spain,,735,1970–1972,,,,
Raymond Sommer,Raymond,Sommer,RAY,,France,,736,1950,,,,
Vincenzo Sospiri,Vincenzo,Sospiri,VIN,,Italy,,737,1997,,,,
Stephen South,Stephen,South,STE,,United Kingdom,,738,1980,,,,
Mike Sparken,Mike,Sparken,MIK,,France,,739,1955,,,,
Scott Speed,Scott,Speed,SCO,,United States,,740,2006–2007,,,,
Mike Spence,Mike,Spence,MIK,,United Kingdom,,741,1963–1968,,,,
Alan Stacey,Alan,Stacey,ALA,,United Kingdom,,742,1958–1960,,,,
Gaetano Starrabba,Gaetano,Starrabba,GAE,,Italy,,743,1961,,,,
Will Stevens,Will,Stevens,WIL,,United Kingdom,,744,2014–2015,,,,
Chuck Stevenson,Chuck,Stevenson,CHU,,United States,,745,1951–1954,1960,,,
Ian Stewart,Ian,Stewart,IAN,,United Kingdom,,746,1953,,,,
Jackie Stewart^,Jackie,Stewart^,JAC,,United Kingdom,,747,1965–1973,,,,
Jimmy Stewart,Jimmy,Stewart,JIM,,United Kingdom,,748,1953,,,,
Siegfried Stohr,Siegfried,Stohr,SIE,,Italy,,749,1981,,,,
Rolf Stommelen,Rolf,Stommelen,ROL,,West Germany,,750,1970–1976,1978,,,
Philippe Streiff,Philippe,Streiff,PHI,,France,,751,1984–1988,,,,
Lance Stroll,Lance,Stroll,LAN,,Canada,,752,2017–2022,,,,
Hans Stuck,Hans,Stuck,HAN,,West Germany,,753,1951–1953,,,,
Hans-Joachim Stuck,Hans-Joachim,Stuck,HAN,,West Germany,,754,1974–1979,,,,
Otto Stuppacher,Otto,Stuppacher,OTT,,Austria,,755,1976,,,,
Danny Sullivan,Danny,Sullivan,DAN,,United States,,756,1983,,,,
Marc Surer,Marc,Surer,MAR,,Switzerland,,757,1979–1986,,,,
John Surtees,John,Surtees,JOH,,United Kingdom,,758,1960–1972,,,,
Andy Sutcliffe,Andy,Sutcliffe,AND,,United Kingdom,,759,1977,,,,
Adrian Sutil,Adrian,Sutil,ADR,,Germany,,760,2007–2011, 2013–2014,,,
Len Sutton,Len,Sutton,LEN,,United States,,761,1958–1960,,,,
Aguri Suzuki,Aguri,Suzuki,AGU,,Japan,,762,1988–1995,,,,
Toshio Suzuki,Toshio,Suzuki,TOS,,Japan,,763,1993,,,,
Jacques Swaters,Jacques,Swaters,JAC,,Belgium,,764,1951, 1953–1954,,,
Bob Sweikert,Bob,Sweikert,BOB,,United States,,765,1952–1956,,,,
Toranosuke Takagi,Toranosuke,Takagi,TOR,,Japan,,766,1998–1999,,,,
Noritake Takahara,Noritake,Takahara,NOR,,Japan,,767,1976–1977,,,,
Kunimitsu Takahashi,Kunimitsu,Takahashi,KUN,,Japan,,768,1977,,,,
Patrick Tambay,Patrick,Tambay,PAT,,France,,769,1977–1979, 1981–1986,,,
Luigi Taramazzo,Luigi,Taramazzo,LUI,,Italy,,770,1958,,,,
Gabriele Tarquini,Gabriele,Tarquini,GAB,,Italy,,771,1987–1992,1995,,,
Piero Taruffi,Piero,Taruffi,PIE,,Italy,,772,1950–1952, 1954–1956,,,
Dennis Taylor,Dennis,Taylor,DEN,,United Kingdom,,773,1959,,,,
Henry Taylor,Henry,Taylor,HEN,,United Kingdom,,774,1959–1961,,,,
John Taylor,John,Taylor,JOH,,United Kingdom,,775,1964,1966,,,
Mike Taylor,Mike,Taylor,MIK,,United Kingdom,,776,1959–1960,,,,
Trevor Taylor,Trevor,Taylor,TRE,,United Kingdom,,777,1959, 1961–1964,1966,,
Marshall Teague,Marshall,Teague,MAR,,United States,,778,1953–1954,1957,,,
Shorty Templeman,Shorty,Templeman,SHO,,United States,,779,1955,1958,1960,,
Max de Terra,Max,de Terra,MAX,,Switzerland,,780,1952–1953,,,,
André Testut,André,Testut,AND,,Monaco,,781,1958–1959,,,,
Mike Thackwell,Mike,Thackwell,MIK,,New Zealand,,782,1980,1984,,,
Alfonso Thiele,Alfonso,Thiele,ALF,,United States,,783,1960,,,,
Eric Thompson,Eric,Thompson,ERI,,United Kingdom,,784,1952,,,,
Johnny Thomson,Johnny,Thomson,JOH,,United States,,785,1953–1960,,,,
Leslie Thorne,Leslie,Thorne,LES,,United Kingdom,,786,1954,,,,
Bud Tingelstad,Bud,Tingelstad,BUD,,United States,,787,1960,,,,
Sam Tingle,Sam,Tingle,SAM,,Rhodesia,,788,1963,1965, 1967–1969,,
Desmond Titterington,Desmond,Titterington,DES,,United Kingdom,,789,1956,,,,
Johnnie Tolan,Johnnie,Tolan,JOH,,United States,,790,1956–1958,,,,
Alejandro de Tomaso,Alejandro,de Tomaso,ALE,,Argentina[50],,791,1957,1959,,,
Charles de Tornaco,Charles,de Tornaco,CHA,,Belgium,,792,1952–1953,,,,
Tony Trimmer,Tony,Trimmer,TON,,United Kingdom,,793,1975–1978,,,,
Maurice Trintignant,Maurice,Trintignant,MAU,,France,,794,1950–1964,,,,
Wolfgang von Trips,Wolfgang,von Trips,WOL,,West Germany,,795,1956–1961,,,,
Jarno Trulli,Jarno,Trulli,JAR,,Italy,,796,1997–2011,,,,
Yuki Tsunoda,Yuki,Tsunoda,YUK,,Japan,,797,2021–2022,,,,
Esteban Tuero,Esteban,Tuero,EST,,Argentina,,798,1998,,,,
Guy Tunmer,Guy,Tunmer,GUY,,South Africa,,799,1975,,,,
Jack Turner,Jack,Turner,JAC,,United States,,800,1956–1959,,,,
Toni Ulmen,Toni,Ulmen,TON,,West Germany,,801,1952,,,,
Bobby Unser,Bobby,Unser,BOB,,United States,,802,1968,,,,
Jerry Unser Jr,Jerry,Unser Jr,JER,,United States,,803,1958,,,,
Alberto Uria,Alberto,Uria,ALB,,Uruguay,,804,1955–1956,,,,
Nino Vaccarella,Nino,Vaccarella,NIN,,Italy,,805,1961–1962,1965,,,
Stoffel Vandoorne,Stoffel,Vandoorne,STO,,Belgium,,806,2016–2018,,,,
Bob Veith,Bob,Veith,BOB,,United States,,807,1956–1960,,,,
Jean-Éric Vergne,Jean-Éric,Vergne,JEA,,France,,808,2012–2014,,,,
Jos Verstappen,Jos,Verstappen,JOS,,Netherlands,,809,1994–1998, 2000–2001,2003,,
Max Verstappen,Max,Verstappen,MAX,,Netherlands,,810,2015–2022,,,,
Sebastian Vettel,Sebastian,Vettel,SEB,,Germany,,811,2007–2022,,,,
Gilles Villeneuve,Gilles,Villeneuve,GIL,,Canada,,812,1977–1982,,,,
Jacques Villeneuve,Jacques,Villeneuve,JAC,,Canada,,813,1996–2006,,,,
Jacques Villeneuve Sr,Jacques,Villeneuve Sr,JAC,,Canada,,814,1981,1983,,,
Luigi Villoresi,Luigi,Villoresi,LUI,,Italy,,815,1950–1956,,,,
Emilio de Villota,Emilio,de Villota,EMI,,Spain,,816,1976–1978, 1981–1982,,,
Ottorino Volonterio,Ottorino,Volonterio,OTT,,Switzerland,,817,1954, 1956–1957,,,
Jo Vonlanthen,Jo,Vonlanthen,JO,,Switzerland,,818,1975,,,,
Ernie de Vos,Ernie,de Vos,ERN,,Canada,,819,1963,,,,
Bill Vukovich,Bill,Vukovich,BIL,,United States,,820,1951–1955,,,,
Syd van der Vyver,Syd,van der Vyver,SYD,,South Africa,,821,1962,,,,
Fred Wacker,Fred,Wacker,FRE,,United States,,822,1953–1954,,,,
David Walker,David,Walker,DAV,,Australia,,823,1971–1972,,,,
Peter Walker,Peter,Walker,PET,,United Kingdom,,824,1950–1951,1955,,,
Lee Wallard,Lee,Wallard,LEE,,United States,,825,1950–1951,,,,
Heini Walter,Heini,Walter,HEI,,Switzerland,,826,1962,,,,
Rodger Ward,Rodger,Ward,ROD,,United States,,827,1951–1960,1963,,,
Derek Warwick,Derek,Warwick,DER,,United Kingdom,,828,1981–1990,1993,,,
John Watson,John,Watson,JOH,,United Kingdom,,829,1973–1983,1985,,,
Spider Webb,Spider,Webb,SPI,,United States,,830,1950, 1952–1954,,,
Mark Webber,Mark,Webber,MAR,,Australia,,831,2002–2013,,,,
Pascal Wehrlein,Pascal,Wehrlein,PAS,,Germany,,832,2016–2017,,,,
Volker Weidler,Volker,Weidler,VOL,,West Germany,,833,1989,,,,
Wayne Weiler,Wayne,Weiler,WAY,,United States,,834,1960,,,,
Karl Wendlinger,Karl,Wendlinger,KAR,,Austria,,835,1991–1995,,,,
Peter Westbury,Peter,Westbury,PET,,United Kingdom,,836,1970,,,,
Chuck Weyant,Chuck,Weyant,CHU,,United States,,837,1955, 1957–1959,,,
Ken Wharton,Ken,Wharton,KEN,,United Kingdom,,838,1952–1955,,,,
Ted Whiteaway,Ted,Whiteaway,TED,,United Kingdom,,839,1955,,,,
Graham Whitehead,Graham,Whitehead,GRA,,United Kingdom,,840,1952,,,,
Peter Whitehead,Peter,Whitehead,PET,,United Kingdom,,841,1950–1954,,,,
Bill Whitehouse,Bill,Whitehouse,BIL,,United Kingdom,,842,1954,,,,
Robin Widdows,Robin,Widdows,ROB,,United Kingdom,,843,1968,,,,
Eppie Wietzes,Eppie,Wietzes,EPP,,Canada,,844,1967,1974,,,
Mike Wilds,Mike,Wilds,MIK,,United Kingdom,,845,1974–1976,,,,
Jonathan Williams,Jonathan,Williams,JON,,United Kingdom,,846,1967,,,,
Roger Williamson,Roger,Williamson,ROG,,United Kingdom,,847,1973,,,,
Dempsey Wilson,Dempsey,Wilson,DEM,,United States,,848,1958,1960,,,
Desiré Wilson,Desiré,Wilson,DES,,South Africa,,849,1980,,,,
Justin Wilson,Justin,Wilson,JUS,,United Kingdom,,850,2003,,,,
Vic Wilson,Vic,Wilson,VIC,,United Kingdom,,851,1960,1966,,,
Joachim Winkelhock,Joachim,Winkelhock,JOA,,West Germany,,852,1989,,,,
Manfred Winkelhock,Manfred,Winkelhock,MAN,,West Germany,,853,1980, 1982–1985,,,
Markus Winkelhock,Markus,Winkelhock,MAR,,Germany,,854,2007,,,,
Reine Wisell,Reine,Wisell,REI,,Sweden,,855,1970–1974,,,,
Roelof Wunderink,Roelof,Wunderink,ROE,,Netherlands,,856,1975,,,,
Alexander Wurz,Alexander,Wurz,ALE,,Austria,,857,1997–2000,2005,2007,,
Sakon Yamamoto,Sakon,Yamamoto,SAK,,Japan,,858,2006–2007,2010,,,
Alex Yoong,Alex,Yoong,ALE,,Malaysia,,859,2001–2002,,,,
Alessandro Zanardi,Alessandro,Zanardi,ALE,,Italy,,860,1991–1994,1999,,,
Emilio Zapico,Emilio,Zapico,EMI,,Spain,,861,1976,,,,
Guanyu Zhou,Guanyu,Zhou,GUA,,China,,862,2022,,,,
Ricardo Zonta,Ricardo,Zonta,RIC,,Brazil,,863,1999–2001, 2004–2005,,,
Renzo Zorzi,Renzo,Zorzi,REN,,Italy,,864,1975–1977,,,,
Ricardo Zunino,Ricardo,Zunino,RIC,,Argentina,,865,1979–1981,,,,
